{
  "mean_bpm": 116.91823085902725,
  "std_bpm": 31.04969056080523,
  "min_bpm": 54.978390957446805,
  "max_bpm": 198.76802884615384,
  "num_success": 100,
  "num_failed": 0,
  "bpms": [
    123.046875,
    151.99908088235293,
    135.99917763157896,
    107.666015625,
    135.99917763157896,
    103.359375,
    107.666015625,
    143.5546875,
    161.4990234375,
    198.76802884615384,
    117.45383522727273,
    60.09265988372093,
    161.4990234375,
    103.359375,
    161.4990234375,
    117.45383522727273,
    117.45383522727273,
    57.421875,
    112.34714673913044,
    99.38401442307692,
    80.74951171875,
    92.28515625,
    117.45383522727273,
    99.38401442307692,
    99.38401442307692,
    129.19921875,
    54.978390957446805,
    71.77734375,
    143.5546875,
    103.359375,
    161.4990234375,
    129.19921875,
    117.45383522727273,
    123.046875,
    129.19921875,
    123.046875,
    60.09265988372093,
    172.265625,
    80.74951171875,
    63.02400914634146,
    95.703125,
    117.45383522727273,
    117.45383522727273,
    161.4990234375,
    107.666015625,
    117.45383522727273,
    143.5546875,
    172.265625,
    143.5546875,
    83.35433467741936,
    95.703125,
    123.046875,
    112.34714673913044,
    99.38401442307692,
    92.28515625,
    63.02400914634146,
    103.359375,
    89.10290948275862,
    172.265625,
    161.4990234375,
    103.359375,
    172.265625,
    129.19921875,
    117.45383522727273,
    129.19921875,
    172.265625,
    143.5546875,
    107.666015625,
    198.76802884615384,
    75.99954044117646,
    129.19921875,
    86.1328125,
    80.74951171875,
    135.99917763157896,
    89.10290948275862,
    123.046875,
    151.99908088235293,
    123.046875,
    143.5546875,
    135.99917763157896,
    99.38401442307692,
    161.4990234375,
    117.45383522727273,
    83.35433467741936,
    117.45383522727273,
    112.34714673913044,
    129.19921875,
    117.45383522727273,
    75.99954044117646,
    117.45383522727273,
    95.703125,
    99.38401442307692,
    73.828125,
    103.359375,
    143.5546875,
    107.666015625,
    89.10290948275862,
    112.34714673913044,
    99.38401442307692,
    86.1328125
  ],
  "failed_files": []
}